{"cameraMode":{"drawMode":0,"name":"Shaded","section":"Shading Mode"},"sceneLighting":false,"audioPlay":false,"sceneViewState":{"showFog":true,"showMaterialUpdate":false,"showSkybox":true,"showFlares":true,"showImageEffects":true,"showParticleSystems":true},"in2DMode":false,"pivot":{"x":6.640524387359619,"y":2.936192750930786,"z":3.126323699951172},"rotation":{"x":-0.13601769506931306,"y":-0.02676110900938511,"z":-0.0036773255560547115,"w":0.9903380870819092},"size":7.73173713684082,"orthographic":false}